,player_dist_walk,player_dmg,team_placement,player_dist_ride,player_survive_time,game_size,party_size,player_kills,player_survival_time
494,170.95478799999995,0,79,0.0,3.0,91,1,0,3.0
495,66.54559,0,87,0.0,2.0,91,1,0,2.0
496,610.168945,124,35,728.7226559999998,13.0,91,1,0,13.0
497,1431.292,24,46,2646.184,12.0,91,1,0,12.0
498,723.1023,100,47,0.0,12.0,91,1,1,12.0
500,1889.028,438,29,1055.67761,16.0,91,1,4,16.0
501,927.809937,0,48,0.0,12.0,91,1,0,12.0
502,706.7274,0,67,0.0,4.0,91,1,0,4.0
503,171.16272,0,63,0.0,5.0,91,1,0,5.0
504,1382.88281,60,27,6892.92,17.0,91,1,0,17.0
505,122.94303899999998,114,76,0.0,3.0,91,1,1,3.0
506,88.44209000000002,0,80,0.0,2.0,91,1,0,2.0
507,292.052917,0,53,0.0,11.0,91,1,0,11.0
508,34.9513664,169,85,0.0,2.0,91,1,1,2.0
509,1294.68652,96,21,0.0,18.0,91,1,1,18.0
510,228.851517,0,62,0.0,5.0,91,1,0,5.0
511,427.561768,2,58,1101.99072,7.0,91,1,0,7.0
512,177.06729099999995,0,72,0.0,4.0,91,1,0,4.0
513,2435.03735,67,28,0.0,16.0,91,1,1,16.0
514,4042.225,515,1,2113.72021,32.0,91,1,6,32.0
515,81.47397609999999,0,78,0.0,3.0,91,1,0,3.0
516,537.1209,0,61,0.0,5.0,91,1,0,5.0
517,2224.45947,175,20,1755.1973899999996,18.0,91,1,1,18.0
518,2282.24365,64,44,369.8832,12.0,91,1,0,12.0
519,1203.64966,130,26,742.2443,22.0,91,1,1,22.0
520,1345.94934,0,42,1093.45618,13.0,91,1,0,13.0
521,541.117554,228,30,2027.7655,15.0,91,1,3,15.0
522,1078.954,77,45,0.0,12.0,91,1,1,12.0
523,234.76664700000003,122,73,0.0,4.0,91,1,1,4.0
524,3384.99463,0,10,0.0,23.0,91,1,0,23.0
525,1609.87036,100,24,0.0,17.0,91,1,1,17.0
526,4955.905,560,4,460.8695,30.0,91,1,6,30.0
527,2273.84351,124,17,0.0,21.0,91,1,1,21.0
528,325.097748,0,69,0.0,4.0,91,1,0,4.0
529,4384.168,20,9,331.175934,24.0,91,1,0,24.0
530,391.031128,0,74,0.0,3.0,91,1,0,3.0
531,133.1714,34,70,0.0,4.0,91,1,0,4.0
532,4245.912,209,7,840.8807,27.0,91,1,2,27.0
533,1813.3645,186,2,3262.99854,32.0,91,1,0,32.0
534,1327.26563,243,26,0.0,17.0,91,1,1,17.0
535,1298.27075,28,32,3.25212884,14.0,91,1,0,14.0
536,834.4649,0,48,0.0,15.0,91,1,0,15.0
537,26.35928,60,91,0.0,1.0,91,1,0,1.0
538,641.8319,25,66,0.0,4.0,91,1,0,4.0
539,74.61659,99,88,0.0,2.0,91,1,1,2.0
540,1949.81238,20,41,0.0,13.0,91,1,0,13.0
541,13.9661589,0,88,0.0,3.0,91,1,0,3.0
542,4050.40552,712,3,1872.39441,32.0,91,1,6,32.0
543,1851.3208,155,14,1455.35193,21.0,91,1,1,21.0
544,2556.407,101,16,2969.77271,21.0,91,1,1,21.0
545,1590.11218,409,15,5177.777,21.0,91,1,4,21.0
546,703.89,0,56,0.0,8.0,91,1,0,8.0
547,2362.12183,165,23,742.095154,17.0,91,1,1,17.0
548,1349.11646,0,49,0.0,12.0,91,1,0,12.0
549,2002.139,0,40,0.0,13.0,91,1,0,13.0
550,503.538666,100,54,0.0,10.0,91,1,1,10.0
551,49.60851,0,82,0.0,2.0,91,1,0,2.0
552,31.78977,0,89,0.0,1.0,91,1,0,1.0
553,656.94165,0,50,0.0,11.0,91,1,0,11.0
554,277.257019,200,64,0.0,5.0,91,1,2,5.0
555,1645.80017,186,55,0.0,10.0,91,1,1,10.0
556,531.12085,0,65,0.0,5.0,91,1,0,5.0
557,1720.086,302,5,5555.515,29.0,91,1,3,29.0
558,59.78517530000001,0,86,0.0,2.0,91,1,0,2.0
559,736.6289,0,69,0.0,13.0,91,1,0,13.0
560,2547.97681,186,13,219.800659,22.0,91,1,2,22.0
561,1068.537,100,55,0.0,13.0,91,1,1,13.0
562,1961.91077,294,6,4690.393,27.0,91,1,2,27.0
563,44.93019,34,71,0.0,4.0,91,1,0,4.0
564,71.16344000000002,0,81,0.0,2.0,91,1,0,2.0
565,2367.82275,226,19,0.0,19.0,91,1,2,19.0
566,97.90342,0,83,0.0,2.0,91,1,0,2.0
567,57.53298,0,87,0.0,3.0,91,1,0,3.0
568,227.812775,0,68,0.0,4.0,91,1,0,4.0
569,3075.1420000000007,393,8,1066.33972,25.0,91,1,4,25.0
570,1771.706,5,33,2312.80859,14.0,91,1,0,14.0
571,1841.43481,430,25,2721.55615,17.0,91,1,4,17.0
572,1131.53418,200,51,0.0,11.0,91,1,2,11.0
573,3878.701,3,43,2279.9043,13.0,91,1,0,13.0
574,99.21822,0,88,0.0,2.0,91,1,0,2.0
575,2543.23364,0,18,576.0338,19.0,91,1,0,19.0
576,571.141663,48,59,0.0,7.0,91,1,0,7.0
577,1534.68311,569,11,1099.494,22.0,91,1,5,22.0
578,955.3223,121,22,1021.47156,18.0,91,1,1,18.0
579,2056.559,218,37,0.0,13.0,91,1,1,13.0
580,1002.79376,0,34,512.7801509999998,14.0,91,1,0,14.0
581,259.5517,95,60,0.0,5.0,91,1,0,5.0
583,866.0461,0,57,0.0,7.0,91,1,0,7.0
584,559.3323,37,52,1102.62781,11.0,91,1,0,11.0
871,2122.65015,110,35,2764.99878,18.0,94,1,1,18.0
872,2663.03052,406,15,394.4074,24.0,94,1,3,24.0
873,218.919922,0,62,1529.5415,5.0,94,1,0,5.0
874,1773.0011,0,26,0.0,20.0,94,1,0,20.0
875,1991.16113,190,20,5171.59668,22.0,94,1,2,22.0
876,42.40515,34,82,0.0,2.0,94,1,0,2.0
877,2564.21045,167,13,3837.45654,25.0,94,1,1,25.0
878,76.83712,17,74,0.0,2.0,94,1,0,2.0
879,103.417786,138,72,0.0,3.0,94,1,1,3.0
880,17.594518700000005,0,88,0.0,14.0,94,1,0,14.0
881,740.9535,34,63,0.0,5.0,94,1,0,5.0
882,1300.67725,24,37,5633.67627,17.0,94,1,0,17.0
883,1268.228,90,21,4296.6416,22.0,94,1,1,22.0
884,447.865051,111,53,2620.1377,9.0,94,1,1,9.0
885,2271.654,0,36,25.74014,18.0,94,1,0,18.0
886,1526.62646,101,11,5381.69434,25.0,94,1,1,25.0
887,1835.73938,310,29,4326.706,19.0,94,1,3,19.0
888,2134.67261,245,24,3499.663,22.0,94,1,2,22.0
889,1553.75793,0,43,1349.98328,15.0,94,1,0,15.0
890,31.21605,72,87,0.0,1.0,94,1,0,1.0
891,8.070193,0,94,0.0,1.0,94,1,0,1.0
892,2476.95483,110,19,5313.727,22.0,94,1,1,22.0
893,123.534462,100,75,0.0,2.0,94,1,1,2.0
894,209.284744,200,67,0.0,4.0,94,1,2,4.0
895,2235.63,147,23,6604.733,22.0,94,1,0,22.0
896,591.1202,75,33,2374.1438,18.0,94,1,1,18.0
897,34.230087299999994,34,80,0.0,2.0,94,1,0,2.0
898,315.448273,169,69,0.0,3.0,94,1,1,3.0
899,1551.24707,0,42,3697.71851,16.0,94,1,0,16.0
900,20.2055073,0,93,0.0,1.0,94,1,0,1.0
901,885.058,0,55,0.0,8.0,94,1,0,8.0
902,1269.7981,24,27,0.0,20.0,94,1,0,20.0
903,50.86688,72,86,0.0,1.0,94,1,0,1.0
904,3015.432,274,7,6265.504,27.0,94,1,3,27.0
905,913.9507,69,44,0.0,14.0,94,1,0,14.0
906,46.7215424,0,81,0.0,2.0,94,1,0,2.0
907,472.0299,100,59,0.0,6.0,94,1,1,6.0
908,1221.354,166,48,1385.52808,13.0,94,1,1,13.0
909,2649.82129,67,12,7500.023,25.0,94,1,0,25.0
910,525.0451,231,54,0.0,8.0,94,1,2,8.0
911,30.68098,72,91,0.0,1.0,94,1,1,1.0
912,1969.18018,82,22,2008.28235,22.0,94,1,0,22.0
913,2328.72461,67,34,1243.45056,18.0,94,1,0,18.0
914,434.427277,52,57,0.0,7.0,94,1,0,7.0
915,927.5769,100,50,1839.2973600000007,13.0,94,1,1,13.0
916,959.182,23,51,4783.81348,13.0,94,1,0,13.0
917,2176.07227,101,28,0.0,20.0,94,1,0,20.0
918,1195.366,237,10,3649.705,26.0,94,1,2,26.0
919,55.07990649999999,99,76,0.0,2.0,94,1,0,2.0
920,50.9240532,140,89,0.0,1.0,94,1,1,1.0
921,31.5741463,0,79,0.0,2.0,94,1,0,2.0
922,2335.462,363,32,0.0,19.0,94,1,4,19.0
923,129.573318,0,71,0.0,3.0,94,1,0,3.0
924,52.6634,86,85,0.0,2.0,94,1,0,2.0
925,2131.544,178,14,2517.93042,25.0,94,1,2,25.0
926,2157.55615,120,31,6102.319,19.0,94,1,1,19.0
927,665.9716,24,52,0.0,11.0,94,1,1,11.0
928,1825.40674,364,5,5510.09668,28.0,94,1,4,28.0
929,2514.27637,303,39,1682.6662600000002,17.0,94,1,1,17.0
930,20.9711723,95,90,0.0,1.0,94,1,0,1.0
931,2492.52856,9,17,2797.34351,23.0,94,1,0,23.0
932,271.5284,120,70,0.0,3.0,94,1,1,3.0
933,1301.54041,292,40,0.0,17.0,94,1,2,17.0
934,1287.92285,217,2,2098.336,31.0,94,1,1,31.0
935,1101.86719,49,45,3980.73218,14.0,94,1,0,14.0
936,1027.00122,359,38,1968.75635,17.0,94,1,1,17.0
937,2247.30737,98,30,829.8259,19.0,94,1,1,19.0
938,1267.60254,240,25,4078.508,21.0,94,1,2,21.0
939,4029.76074,3,8,1564.826,26.0,94,1,0,26.0
940,569.942749,148,56,0.0,7.0,94,1,1,7.0
941,2364.4072300000007,406,4,4922.703610000001,29.0,94,1,5,29.0
942,1427.99109,106,9,7708.515,26.0,94,1,1,26.0
943,614.2408,147,58,0.0,7.0,94,1,1,7.0
944,2524.965,1042,1,4027.26465,31.0,94,1,9,31.0
945,261.361176,100,65,0.0,5.0,94,1,1,5.0
946,117.553116,0,68,0.0,3.0,94,1,0,3.0
947,58.334198,0,92,0.0,1.0,94,1,0,1.0
948,215.3002,75,66,0.0,4.0,94,1,0,4.0
949,1964.68628,342,6,4110.864000000001,27.0,94,1,1,27.0
950,3527.02563,263,18,89.6350555,23.0,94,1,2,23.0
951,1367.02783,79,41,1654.95471,16.0,94,1,0,16.0
952,25.0790634,0,88,0.0,1.0,94,1,0,1.0
953,2261.866,200,16,3558.3938,24.0,94,1,4,24.0
954,414.8825,152,61,0.0,5.0,94,1,1,5.0
955,1340.97839,99,46,2477.26416,14.0,94,1,1,14.0
956,1331.04785,0,49,0.0,13.0,94,1,0,13.0
957,64.7961655,100,83,0.0,2.0,94,1,1,2.0
958,2443.36914,166,3,7670.74854,31.0,94,1,1,31.0
959,420.4608,0,73,0.0,2.0,94,1,0,2.0
960,306.054382,170,60,0.0,5.0,94,1,1,5.0
961,77.59976,123,78,0.0,2.0,94,1,1,2.0
962,538.2293,183,64,0.0,5.0,94,1,1,5.0
963,77.41813,0,77,0.0,2.0,94,1,0,2.0
964,93.01197,0,84,0.0,2.0,94,1,0,2.0
2212,3195.1416,0,4,2115.6911600000008,29.0,95,1,0,29.0
2213,181.592987,76,56,0.0,6.0,95,1,1,6.0
2214,3267.1394,619,1,0.0,31.0,95,1,5,31.0
2215,5484.764,92,32,796.5325,16.0,95,1,0,16.0
2216,300.462616,80,61,0.0,5.0,95,1,0,5.0
2217,1597.88379,100,39,688.62085,12.0,95,1,1,12.0
2218,365.599365,0,67,0.0,5.0,95,1,0,5.0
2219,366.780121,111,55,0.0,6.0,95,1,1,6.0
2220,1780.0955800000004,319,27,1842.32922,16.0,95,1,3,16.0
2221,1907.90564,36,25,4597.10547,16.0,95,1,1,16.0
2222,2650.3457,375,10,3529.090820000001,25.0,95,1,4,25.0
2223,1089.38049,341,6,6019.651999999999,27.0,95,1,4,27.0
2224,2584.40918,0,21,0.0,18.0,95,1,0,18.0
2225,3689.20386,290,7,510.5915,26.0,95,1,3,26.0
2226,114.785614,323,54,0.0,6.0,95,1,3,6.0
2227,545.7362,0,74,0.0,3.0,95,1,0,3.0
2228,3181.29053,170,14,739.925,23.0,95,1,1,23.0
2230,973.958435,99,50,0.0,9.0,95,1,1,9.0
2231,980.382446,11,36,1613.90674,14.0,95,1,0,14.0
2232,145.890427,0,65,0.0,5.0,95,1,0,5.0
2233,1439.47937,0,24,0.0,17.0,95,1,0,17.0
2234,529.9021,344,66,0.0,5.0,95,1,4,5.0
2235,112.577072,100,81,0.0,2.0,95,1,1,2.0
2236,1179.1438,0,34,1547.43762,19.0,95,1,0,19.0
2238,2111.848,0,31,2181.66919,16.0,95,1,0,16.0
2239,103.149788,9,78,0.0,3.0,95,1,0,3.0
2241,55.16567,65,86,0.0,2.0,95,1,1,2.0
2242,89.27150999999998,181,77,0.0,3.0,95,1,1,3.0
2243,106.463005,73,79,0.0,2.0,95,1,0,2.0
2244,1252.60083,0,44,0.0,11.0,95,1,0,11.0
2245,875.9299,0,51,0.0,9.0,95,1,0,9.0
2246,2823.19287,100,23,0.0,17.0,95,1,1,17.0
2247,936.221436,145,35,35.0622063,15.0,95,1,1,15.0
2248,201.70607,0,64,0.0,5.0,95,1,0,5.0
2249,891.3913570000002,127,48,0.0,9.0,95,1,1,9.0
2250,2173.34131,0,17,2081.9892600000007,23.0,95,1,0,23.0
2251,241.23819,49,69,0.0,4.0,95,1,0,4.0
2252,216.43624900000003,77,76,0.0,3.0,95,1,0,3.0
2253,126.487831,94,90,0.0,1.0,95,1,0,1.0
2254,1405.6029999999996,100,22,0.0,20.0,95,1,1,20.0
2255,172.526489,128,59,0.0,5.0,95,1,1,5.0
2256,230.27182,0,71,0.0,3.0,95,1,0,3.0
2257,62.6751,86,87,0.0,2.0,95,1,0,2.0
2258,138.598648,24,83,0.0,2.0,95,1,0,2.0
2259,2189.62744,0,33,0.0,15.0,95,1,0,15.0
2260,2271.28442,61,38,0.0,13.0,95,1,0,13.0
2261,2739.30566,102,5,3098.63525,28.0,95,1,1,28.0
2262,495.51803600000005,0,52,0.0,8.0,95,1,0,8.0
2263,71.4028244,0,91,0.0,1.0,95,1,0,1.0
2264,114.296082,0,75,0.0,3.0,95,1,0,3.0
2265,270.3878,0,63,0.0,5.0,95,1,0,5.0
2266,1831.02673,167,29,3284.461,16.0,95,1,2,16.0
2267,2858.50537,478,13,0.0,23.0,95,1,5,23.0
2268,3023.637,335,12,0.0,24.0,95,1,4,24.0
2269,1048.22156,98,22,0.0,18.0,95,1,1,18.0
2271,1454.31311,316,34,983.9517,15.0,95,1,2,15.0
2272,529.8638,14,47,2801.12354,9.0,95,1,0,9.0
2273,924.1435,0,28,4521.63867,16.0,95,1,0,16.0
2275,675.1707,172,46,0.0,10.0,95,1,2,10.0
2276,143.4553,0,82,0.0,2.0,95,1,0,2.0
2277,914.92865,100,53,0.0,8.0,95,1,1,8.0
2278,29.92662,195,89,0.0,2.0,95,1,1,2.0
2279,249.9588,0,62,319.6279600000001,5.0,95,1,0,5.0
2280,1834.32458,5,41,52.38169,12.0,95,1,0,12.0
2281,293.166229,17,60,0.0,5.0,95,1,0,5.0
2282,161.088837,0,68,0.0,4.0,95,1,0,4.0
2283,51.40397,0,84,0.0,2.0,95,1,0,2.0
2284,2486.8064,238,11,2869.44,25.0,95,1,3,25.0
2285,69.31853000000001,0,88,0.0,2.0,95,1,0,2.0
2286,4859.844,820,3,0.0,30.0,95,1,6,30.0
2287,2120.5188,125,15,0.0,23.0,95,1,0,23.0
2288,289.3147,81,73,0.0,3.0,95,1,0,3.0
2289,1379.505,371,42,644.4974,11.0,95,1,3,11.0
2290,571.1578,120,43,1716.50317,11.0,95,1,1,11.0
2291,942.269531,0,49,0.0,9.0,95,1,0,9.0
2292,2403.10352,52,2,4887.3877,31.0,95,1,0,31.0
2293,1919.937,102,18,1919.3551,20.0,95,1,1,20.0
2294,2091.99316,100,8,0.0,26.0,95,1,1,26.0
2295,1201.15771,60,30,1675.91638,16.0,95,1,0,16.0
2296,413.871216,0,72,0.0,3.0,95,1,0,3.0
2297,266.149261,96,58,0.0,5.0,95,1,1,5.0
2298,226.715469,134,70,0.0,4.0,95,1,1,4.0
2299,1752.4223600000007,152,40,0.0,12.0,95,1,1,12.0
2300,146.4393,116,57,0.0,6.0,95,1,0,6.0
2301,2787.61157,2,17,2160.92,22.0,95,1,0,22.0
2302,55.73721999999999,0,92,0.0,1.0,95,1,0,1.0
2303,1477.03625,161,45,0.0,10.0,95,1,1,10.0
2304,1570.6355,382,9,7129.56738,25.0,95,1,3,25.0
2305,112.852921,0,85,0.0,2.0,95,1,0,2.0
2306,3279.14966,100,26,0.0,16.0,95,1,1,16.0
2307,197.745,20,47,0.0,5.0,63,1,0,5.0
2308,856.3894650000002,1,28,761.7078,13.0,63,1,0,13.0
2309,1741.98889,205,23,3053.30444,17.0,63,1,1,17.0
2310,9.943279,19,60,0.0,1.0,63,1,0,1.0
2311,2074.61743,199,35,0.0,11.0,63,1,2,11.0
2312,726.391663,199,39,0.0,9.0,63,1,2,9.0
2313,693.545,0,37,2852.16626,10.0,63,1,0,10.0
2314,3790.834,109,10,0.0,25.0,63,1,2,25.0
2315,119.204552,0,48,0.0,4.0,63,1,0,4.0
2316,202.785782,0,50,0.0,3.0,63,1,0,3.0
2317,1121.70044,0,32,591.3711,12.0,63,1,0,12.0
2319,3424.74634,115,11,0.0,25.0,63,1,0,25.0
2320,2988.89063,109,16,3886.95459,23.0,63,1,1,23.0
2321,20.342165,20,56,0.0,2.0,63,1,0,2.0
2322,400.743042,0,45,0.0,5.0,63,1,0,5.0
2323,1159.58984,216,20,5511.425,19.0,63,1,2,19.0
2324,4160.031,328,4,1051.51941,30.0,63,1,4,30.0
2325,8.325883000000001,72,62,0.0,1.0,63,1,0,1.0
2326,693.82196,69,34,0.0,11.0,63,1,0,11.0
2327,1439.845,28,36,0.0,11.0,63,1,0,11.0
2328,3635.933,98,6,1090.92627,27.0,63,1,1,27.0
2329,3567.34375,1370,1,1145.05151,31.0,63,1,12,31.0
2330,1168.2002,11,29,3591.5134299999995,13.0,63,1,0,13.0
2331,122.659081,86,53,0.0,2.0,63,1,0,2.0
2332,3233.7,284,5,5444.7530000000015,28.0,63,1,2,28.0
2333,826.6867,100,33,3120.669000000001,11.0,63,1,1,11.0
2334,2229.18262,28,15,6002.19873,24.0,63,1,0,24.0
2335,2051.876,262,26,0.0,14.0,63,1,3,14.0
2336,508.047974,0,44,0.0,6.0,63,1,0,6.0
2337,1299.01917,0,40,0.0,9.0,63,1,0,9.0
2338,1255.16479,259,31,0.0,13.0,63,1,2,13.0
2339,2043.53833,100,24,1282.37659,16.0,63,1,1,16.0
2340,818.4489,201,25,2213.76514,14.0,63,1,1,14.0
2341,1649.17029,100,22,2807.76758,18.0,63,1,1,18.0
2342,744.8709,100,43,0.0,6.0,63,1,1,6.0
2343,108.291992,0,55,0.0,2.0,63,1,0,2.0
2344,4091.21655,203,14,3722.0293,24.0,63,1,2,24.0
2345,255.592773,45,49,0.0,3.0,63,1,0,3.0
2346,1928.73816,108,30,1969.77246,13.0,63,1,1,13.0
2347,854.1977539999998,90,21,6955.28369,18.0,63,1,0,18.0
2348,5484.18457,114,7,1149.7074,27.0,63,1,1,27.0
2349,456.636841,0,42,0.0,22.0,63,1,0,22.0
2350,26.0690918,100,57,0.0,1.0,63,1,1,1.0
2351,3189.863,0,8,2331.08569,26.0,63,1,0,26.0
2352,3679.975,102,13,2243.79077,24.0,63,1,1,24.0
2353,4033.27979,175,2,1488.7210699999996,31.0,63,1,2,31.0
2354,164.412247,86,51,0.0,3.0,63,1,0,3.0
2355,3350.875,0,18,0.0,22.0,63,1,0,22.0
2356,5.81014442,69,59,0.0,1.0,63,1,0,1.0
2358,1937.5592,229,12,1046.617,24.0,63,1,0,24.0
2360,1938.03967,200,27,700.308,13.0,63,1,1,13.0
2361,1473.76184,100,38,0.0,10.0,63,1,0,10.0
2362,450.896027,0,41,0.0,7.0,63,1,0,7.0
2363,37.3066521,34,61,0.0,1.0,63,1,0,1.0
2364,175.825256,0,54,0.0,2.0,63,1,0,2.0
2365,26.5315437,0,63,0.0,1.0,63,1,0,1.0
2366,2661.08,186,3,0.0,31.0,63,1,2,31.0
2367,2933.78442,19,9,358.464844,25.0,63,1,0,25.0
2368,805.0307,0,46,0.0,5.0,63,1,0,5.0
2369,48.47539,0,58,0.0,1.0,63,1,0,1.0
2456,58.7478561,0,79,0.0,8.0,85,1,0,8.0
2457,324.1253660000001,100,69,0.0,4.0,85,1,1,4.0
2458,1016.97021,100,44,952.4553,11.0,85,1,1,11.0
2459,1787.479,278,10,5479.361,25.0,85,1,2,25.0
2460,305.7438,97,73,0.0,3.0,85,1,0,3.0
2461,39.7993126,0,74,0.0,3.0,85,1,0,3.0
2462,3290.05127,295,7,0.0,28.0,85,1,2,28.0
2463,841.5814,0,48,0.0,9.0,85,1,0,9.0
2464,175.67472800000004,0,62,0.0,5.0,85,1,0,5.0
2465,1317.88782,190,24,1003.90857,19.0,85,1,2,19.0
2466,583.7525,33,60,0.0,6.0,85,1,0,6.0
2467,446.269653,64,52,131.186646,7.0,85,1,0,7.0
2468,17.78497,100,84,0.0,1.0,85,1,1,1.0
2469,1330.02185,149,6,5175.694,28.0,85,1,2,28.0
2470,2570.50146,429,8,961.6373,28.0,85,1,5,28.0
2471,947.533752,87,46,0.0,10.0,85,1,1,10.0
2472,892.2615,108,32,2463.107,18.0,85,1,1,18.0
2473,205.627869,99,68,0.0,4.0,85,1,1,4.0
2474,198.7156,98,67,1685.05481,4.0,85,1,0,4.0
2475,829.5500490000002,103,37,2048.33032,15.0,85,1,1,15.0
2476,279.915436,0,38,631.498535,15.0,85,1,0,15.0
2477,270.7116,75,55,1344.48425,6.0,85,1,0,6.0
2478,3736.07,323,1,0.0,31.0,85,1,3,31.0
2479,203.083618,20,63,0.0,5.0,85,1,0,5.0
2480,1415.11377,22,45,1421.062,11.0,85,1,1,11.0
2481,628.744751,62,58,0.0,6.0,85,1,0,6.0
2482,781.791,93,56,0.0,6.0,85,1,0,6.0
2483,99.1327057,0,65,0.0,4.0,85,1,0,4.0
2484,760.6072,0,49,0.0,9.0,85,1,0,9.0
2485,2849.1040000000007,357,3,0.0,30.0,85,1,2,30.0
2486,561.1799,100,59,0.0,6.0,85,1,1,6.0
2487,2300.88574,474,2,2630.646,31.0,85,1,3,31.0
2488,2669.55762,0,14,1257.94067,24.0,85,1,0,24.0
2489,2521.87549,0,12,0.0,24.0,85,1,0,24.0
2490,3588.30713,203,17,1483.09521,23.0,85,1,2,23.0
2491,60.875103,0,78,0.0,2.0,85,1,0,2.0
2492,44.4411049,0,82,0.0,2.0,85,1,0,2.0
2493,559.0256,541,42,0.0,13.0,85,1,5,13.0
2494,595.451355,157,53,0.0,7.0,85,1,1,7.0
2495,263.589539,0,72,0.0,3.0,85,1,0,3.0
2496,92.3139954,0,76,0.0,2.0,85,1,0,2.0
2497,2650.91333,229,11,433.038818,25.0,85,1,3,25.0
2499,3167.24658,0,22,0.0,21.0,85,1,0,21.0
2500,2933.751,93,19,0.0,22.0,85,1,1,22.0
2501,27.763574600000005,94,85,0.0,1.0,85,1,0,1.0
2502,33.65286,0,75,0.0,18.0,85,1,0,18.0
2503,865.5653689999998,117,50,0.0,8.0,85,1,1,8.0
2504,2576.01416,111,4,4544.55469,30.0,85,1,1,30.0
2505,29.671457300000004,0,79,0.0,2.0,85,1,0,2.0
2506,1796.3342300000004,258,15,1907.52686,24.0,85,1,1,24.0
2507,336.176941,0,61,0.0,6.0,85,1,0,6.0
2508,86.41699,0,71,0.0,3.0,85,1,0,3.0
2509,119.003281,0,75,0.0,3.0,85,1,0,3.0
2510,875.949768,74,29,1919.49011,18.0,85,1,0,18.0
2511,486.729462,0,36,0.0,15.0,85,1,0,15.0
2512,107.764114,71,77,0.0,2.0,85,1,0,2.0
2513,1842.01489,354,27,0.0,19.0,85,1,3,19.0
2514,219.586121,100,66,0.0,4.0,85,1,1,4.0
2516,2336.32275,100,35,0.0,16.0,85,1,1,16.0
2517,1149.92175,104,22,1491.62,21.0,85,1,1,21.0
2518,1144.14893,99,39,0.0,15.0,85,1,1,15.0
2519,3448.248,182,30,1610.6991,18.0,85,1,1,18.0
2520,1836.34924,216,9,4957.578610000001,26.0,85,1,1,26.0
2521,4267.16162,638,5,4112.459470000002,30.0,85,1,6,30.0
2522,1685.3465600000004,15,20,3.48548865,22.0,85,1,0,22.0
2523,56.64286800000001,0,70,0.0,14.0,85,1,0,14.0
2524,1488.73267,126,16,4347.60449,23.0,85,1,1,23.0
2525,99.36801,0,70,0.0,3.0,85,1,0,3.0
2526,1187.55566,3,32,4926.947,17.0,85,1,0,17.0
2527,2862.423,0,25,581.675,19.0,85,1,0,19.0
2528,1095.84473,75,47,0.0,9.0,85,1,1,9.0
2529,1986.72083,0,34,0.0,16.0,85,1,0,16.0
2530,1422.79333,213,13,1818.94031,24.0,85,1,1,24.0
2531,718.9636,0,57,751.7834,6.0,85,1,0,6.0
2532,20.9136,0,80,0.0,2.0,85,1,0,2.0
2533,402.977142,8,64,387.6584,5.0,85,1,0,5.0
2534,2000.29,128,33,0.0,17.0,85,1,1,17.0
2535,675.875549,124,52,0.0,22.0,85,1,1,22.0
2536,1357.55139,211,43,0.0,11.0,85,1,1,11.0
2537,412.099335,0,54,0.0,6.0,85,1,0,6.0
2538,20.86686,63,83,0.0,1.0,85,1,0,1.0
2539,123.222595,65,81,0.0,2.0,85,1,0,2.0
2540,1337.90771,199,23,2511.0896,20.0,85,1,2,20.0
2541,988.799,395,35,1716.3994100000002,10.0,96,1,3,10.0
2542,2352.08984,83,17,0.0,19.0,96,1,1,19.0
2543,1875.89661,333,4,9983.307,29.0,96,1,2,29.0
2544,4244.177,67,10,1871.73,24.0,96,1,0,24.0
2545,2074.80542,462,21,924.7379,13.0,96,1,4,13.0
2546,112.6256,87,79,0.0,2.0,96,1,0,2.0
2547,568.6605,100,52,1.07461023,5.0,96,1,1,5.0
2548,4291.213,0,15,0.0,22.0,96,1,0,22.0
2549,2160.11914,423,2,7192.00146,31.0,96,1,4,31.0
2550,1812.7467,491,12,2751.85815,24.0,96,1,4,24.0
2551,943.375366,100,37,0.0,9.0,96,1,1,9.0
2552,143.649445,100,75,0.0,2.0,96,1,1,2.0
2553,442.173737,100,36,0.0,10.0,96,1,1,10.0
2554,107.342743,39,74,0.0,2.0,96,1,0,2.0
2555,2120.02979,235,16,0.0,20.0,96,1,3,20.0
2556,157.409378,117,60,0.0,3.0,96,1,0,3.0
2557,1483.25146,182,20,575.4538570000002,14.0,96,1,2,14.0
2558,322.069061,0,55,2478.78369,4.0,96,1,0,4.0
2559,153.50061000000005,132,56,0.0,4.0,96,1,1,4.0
2560,2658.54224,113,33,2410.5166,11.0,96,1,0,11.0
2561,14.9554834,0,96,0.0,1.0,96,1,0,1.0
2562,29.863472,0,69,0.0,3.0,96,1,0,3.0
2563,105.984482,0,65,0.0,3.0,96,1,0,3.0
2564,1708.6943399999998,83,34,1192.67627,11.0,96,1,1,11.0
2565,149.72728,20,63,0.0,3.0,96,1,0,3.0
2566,2424.8591300000007,11,9,4476.21631,24.0,96,1,0,24.0
2567,195.400253,0,70,0.0,3.0,96,1,0,3.0
2568,169.928528,0,71,0.0,3.0,96,1,0,3.0
2569,365.517731,100,57,0.0,4.0,96,1,1,4.0
2570,4951.008,244,7,2719.745,27.0,96,1,2,27.0
2571,1966.12769,98,11,2087.937,24.0,96,1,1,24.0
2572,36.36121,0,89,0.0,1.0,96,1,0,1.0
2573,100.702568,0,58,0.0,4.0,96,1,0,4.0
2574,47.01481,0,92,0.0,1.0,96,1,0,1.0
2575,164.46400000000003,199,68,0.0,3.0,96,1,2,3.0
2576,1251.059,108,25,1251.636,12.0,96,1,1,12.0
2577,1039.19092,184,28,1833.18823,11.0,96,1,1,11.0
2578,578.2187,220,48,1406.2533,6.0,96,1,2,6.0
2579,109.273506,0,82,0.0,2.0,96,1,0,2.0
2580,406.123077,99,43,0.0,8.0,96,1,0,8.0
2581,82.81181,98,83,0.0,2.0,96,1,0,2.0
2582,663.0416,81,46,0.0,7.0,96,1,0,7.0
2583,435.287079,235,44,0.0,8.0,96,1,2,8.0
2584,10.7773314,100,78,420.6147,2.0,96,1,1,2.0
2585,80.5519,54,88,0.0,1.0,96,1,0,1.0
2586,76.01156999999998,0,87,0.0,1.0,96,1,0,1.0
2587,403.7372,23,49,0.0,5.0,96,1,0,5.0
2588,8.364469,93,95,0.0,1.0,96,1,0,1.0
2589,656.3515629999998,200,41,0.0,9.0,96,1,2,9.0
2590,130.440979,71,59,0.0,4.0,96,1,0,4.0
2591,14.233228699999998,57,90,0.0,1.0,96,1,0,1.0
2592,1202.28687,50,14,5666.92139,22.0,96,1,0,22.0
2593,1064.20569,100,24,2328.53613,13.0,96,1,1,13.0
2594,170.919037,57,64,0.0,3.0,96,1,1,3.0
2595,203.7676,166,77,0.0,2.0,96,1,1,2.0
2596,1176.97253,91,29,2917.43945,11.0,96,1,1,11.0
2597,527.1868,0,19,5023.16064,14.0,96,1,0,14.0
2598,426.049561,100,53,0.0,4.0,96,1,1,4.0
2599,1249.229,502,23,3352.69775,13.0,96,1,4,13.0
2600,134.700455,0,80,0.0,2.0,96,1,0,2.0
2601,908.500854,0,27,0.0,12.0,96,1,0,12.0
2602,758.962646,99,45,433.624817,8.0,96,1,0,8.0
2604,99.82604,12,66,0.0,3.0,96,1,0,3.0
2605,146.12686200000005,0,61,0.0,3.0,96,1,0,3.0
2606,2605.25317,1266,3,1697.23547,31.0,96,1,10,31.0
2607,110.115593,0,93,0.0,1.0,96,1,0,1.0
2608,1335.75549,28,40,2388.27979,9.0,96,1,0,9.0
2609,6.19367361,18,86,0.0,1.0,96,1,0,1.0
2610,858.6864,120,38,547.4471440000002,9.0,96,1,1,9.0
2611,1587.823,193,18,2466.60815,16.0,96,1,2,16.0
2612,1392.09778,0,42,0.0,8.0,96,1,0,8.0
2613,2444.3955100000007,196,30,456.3679,11.0,96,1,2,11.0
2615,191.348373,28,54,0.0,4.0,96,1,0,4.0
2616,171.21813999999995,124,62,0.0,3.0,96,1,1,3.0
2617,589.8443599999998,37,31,304.834381,11.0,96,1,0,11.0
2618,6377.049,459,5,1763.3219,28.0,96,1,3,28.0
2619,1668.05591,92,22,1858.30579,13.0,96,1,1,13.0
2620,1127.0330800000004,197,6,9882.05,27.0,96,1,1,27.0
2621,2867.11963,420,1,4872.287,31.0,96,1,4,31.0
2622,3055.47339,45,8,6694.172360000001,26.0,96,1,0,26.0
2623,933.712952,206,26,1153.04736,12.0,96,1,2,12.0
2624,960.084839,100,39,423.075,9.0,96,1,1,9.0
2625,504.3863,0,47,508.565735,6.0,96,1,0,6.0
2626,544.493164,103,51,0.0,5.0,96,1,1,5.0
2627,1555.42188,419,32,0.0,11.0,96,1,4,11.0
2628,230.4015,98,50,0.0,5.0,96,1,0,5.0
2631,58.2640724,0,81,0.0,2.0,96,1,0,2.0
2632,38.6150436,48,72,0.0,2.0,96,1,0,2.0
2633,55.180313100000006,160,76,0.0,2.0,96,1,1,2.0
2634,76.14664,152,67,0.0,3.0,96,1,1,3.0
2635,2225.10522,241,13,1668.02136,22.0,96,1,2,22.0
2636,80.43212,0,73,0.0,2.0,96,1,0,2.0
2727,219.504059,69,78,1990.65125,4.0,97,1,0,4.0
2728,1166.67566,44,16,3294.543460000001,21.0,97,1,0,21.0
2729,1434.35791,15,37,1900.15479,14.0,97,1,0,14.0
2730,689.0390629999998,13,51,2387.30054,10.0,97,1,0,10.0
2731,200.766556,20,67,0.0,4.0,97,1,0,4.0
2732,2322.87744,10,27,1150.47339,17.0,97,1,0,17.0
2733,626.525146,247,59,145.4186,7.0,97,1,2,7.0
2734,35.6011238,196,93,0.0,1.0,97,1,1,1.0
2735,221.843338,0,81,0.0,3.0,97,1,0,3.0
2737,1438.1366,99,21,4870.72461,19.0,97,1,1,19.0
2738,600.8594360000002,0,58,1199.78284,8.0,97,1,0,8.0
2739,240.337936,9,77,0.0,4.0,97,1,0,4.0
2740,16.4534912,0,97,0.0,1.0,97,1,0,1.0
2741,2924.51147,0,28,1802.93213,17.0,97,1,0,17.0
2742,114.134659,7,70,0.0,4.0,97,1,1,4.0
2743,1233.2603800000004,0,34,2481.436,14.0,97,1,0,14.0
2744,3066.41748,0,14,540.2937,22.0,97,1,0,22.0
2745,249.338684,0,80,0.0,3.0,97,1,0,3.0
2746,267.814667,20,75,81.50969,4.0,97,1,0,4.0
2748,2038.7688,0,15,2733.73877,22.0,97,1,0,22.0
2749,36.22618,152,92,0.0,1.0,97,1,2,1.0
2750,77.99937,40,89,0.0,2.0,97,1,0,2.0
2751,1590.43188,269,29,3207.46729,16.0,97,1,2,16.0
2752,265.225067,192,74,0.0,4.0,97,1,1,4.0
2753,1672.1413599999996,19,10,5391.57,25.0,97,1,0,25.0
2754,5994.73633,508,1,5066.44531,36.0,97,1,5,36.0
2755,2225.88,540,7,3814.08228,26.0,97,1,6,26.0
2756,981.498,99,49,69.33781429999999,10.0,97,1,1,10.0
2757,1428.34827,6,13,2902.015,22.0,97,1,0,22.0
2758,1141.91345,483,33,3764.69238,16.0,97,1,5,16.0
2759,2780.853,175,11,2428.636,23.0,97,1,1,23.0
2760,167.1519,72,68,0.0,4.0,97,1,0,4.0
2761,200.418884,0,73,0.0,4.0,97,1,0,4.0
2762,446.948944,0,60,747.085632,7.0,97,1,0,7.0
2763,1313.44543,1,30,3188.69336,16.0,97,1,0,16.0
2764,1599.66553,248,43,0.0,12.0,97,1,1,12.0
2765,2256.06055,91,22,2127.32861,19.0,97,1,1,19.0
2766,751.3615,118,45,235.058167,11.0,97,1,2,11.0
2767,3187.233,100,35,1138.021,14.0,97,1,1,14.0
2768,1864.64172,0,26,4556.34961,17.0,97,1,0,17.0
2769,107.576653,50,76,0.0,4.0,97,1,1,4.0
2770,213.7607,20,69,0.0,4.0,97,1,0,4.0
2771,3168.64941,87,32,0.0,16.0,97,1,1,16.0
2772,170.454529,32,88,0.0,2.0,97,1,0,2.0
2773,209.432327,0,82,0.0,3.0,97,1,0,3.0
2774,1034.11755,126,57,0.0,8.0,97,1,0,8.0
2775,215.956146,39,86,0.0,2.0,97,1,0,2.0
2776,2952.1604,0,19,0.0,20.0,97,1,0,20.0
2777,24.54173,0,94,0.0,1.0,97,1,0,1.0
2778,3861.24316,101,12,0.0,22.0,97,1,2,22.0
2779,908.2406,155,18,4788.922000000001,20.0,97,1,2,20.0
2781,266.0296,45,65,0.0,5.0,97,1,0,5.0
2782,1155.611,200,52,127.875175,10.0,97,1,2,10.0
2783,732.111633,12,62,473.147644,6.0,97,1,0,6.0
2784,664.6306,6,24,4422.53564,18.0,97,1,0,18.0
2785,3639.00537,532,2,4635.332,36.0,97,1,5,36.0
2786,792.1334,100,58,167.645386,14.0,97,1,1,14.0
2787,2741.34082,0,25,0.0,18.0,97,1,0,18.0
2788,1142.35315,9,44,2581.85645,12.0,97,1,0,12.0
2789,245.316772,182,83,0.0,3.0,97,1,1,3.0
2790,579.2451,103,53,665.8758,9.0,97,1,1,9.0
2791,3592.6513700000005,100,31,0.0,16.0,97,1,1,16.0
2792,764.141663,200,56,1374.74036,9.0,97,1,2,9.0
2793,873.4241,94,42,2715.39258,12.0,97,1,1,12.0
2794,164.02316299999995,112,61,0.0,6.0,97,1,0,6.0
2795,2486.718,380,9,1283.2097199999996,25.0,97,1,3,25.0
2796,1838.6167,335,8,3688.66382,26.0,97,1,3,26.0
2797,902.3502,86,55,1771.9895,9.0,97,1,1,9.0
2798,1705.04187,52,48,0.0,11.0,97,1,0,11.0
2799,1881.11829,947,17,2024.10437,21.0,97,1,8,21.0
2800,349.8803,99,72,0.0,4.0,97,1,1,4.0
2801,235.421387,0,85,0.0,2.0,97,1,0,2.0
2802,1810.06714,0,6,4165.911,29.0,97,1,0,29.0
2803,1803.53088,0,20,431.872742,19.0,97,1,0,19.0
2804,16.990158100000002,194,95,0.0,1.0,97,1,1,1.0
2805,266.840881,100,66,0.0,5.0,97,1,1,5.0
2806,208.510742,71,71,0.0,4.0,97,1,0,4.0
2807,661.1252440000002,157,47,1347.404,11.0,97,1,1,11.0
2808,2468.10718,208,3,4525.651370000001,33.0,97,1,2,33.0
2809,80.0008545,48,91,0.0,1.0,97,1,0,1.0
2810,1184.924,0,41,1261.45642,13.0,97,1,0,13.0
2811,1208.40833,614,46,849.5710449999998,11.0,97,1,4,11.0
2812,2352.30469,100,23,3005.703,18.0,97,1,1,18.0
2813,109.797646,90,87,0.0,2.0,97,1,0,2.0
2814,143.101654,108,79,0.0,3.0,97,1,0,3.0
2815,131.9919,0,58,0.0,14.0,97,1,0,14.0
2817,190.774475,0,90,0.0,2.0,97,1,0,2.0
2818,1708.9731399999996,0,50,0.0,10.0,97,1,0,10.0
2819,2188.52539,4,4,9276.662,31.0,97,1,0,31.0
2820,4679.16064,470,5,1051.85693,30.0,97,1,6,30.0
2821,166.741287,40,84,0.0,3.0,97,1,0,3.0
2822,1210.51611,32,40,0.0,13.0,97,1,0,13.0
2823,1349.1355,0,54,0.0,9.0,97,1,0,9.0
2824,3459.449710000001,0,21,0.0,21.0,58,1,0,21.0
2825,1226.41907,210,6,6790.928000000001,29.0,58,1,2,29.0
2826,521.186035,0,34,0.0,8.0,58,1,0,8.0
2827,394.455475,0,43,0.0,4.0,58,1,0,4.0
2828,1311.99072,107,32,0.0,9.0,58,1,0,9.0
2829,47.88381,17,56,0.0,1.0,58,1,0,1.0
2830,10.91506,74,58,0.0,1.0,58,1,0,1.0
2831,687.7263,95,38,1295.4165,6.0,58,1,0,6.0
2832,1088.40356,242,2,1469.18872,32.0,58,1,3,32.0
2833,223.50528,0,46,0.0,3.0,58,1,0,3.0
2834,540.373962,0,42,0.0,5.0,58,1,0,5.0
2835,1252.38428,164,35,914.862061,8.0,58,1,1,8.0
2836,1033.39355,100,40,0.0,5.0,58,1,1,5.0
2837,17.95291,0,57,0.0,1.0,58,1,0,1.0
2838,2118.902,228,23,1620.08032,20.0,58,1,2,20.0
2839,1806.22485,64,18,4607.562,22.0,58,1,0,22.0
2840,106.034523,0,51,0.0,2.0,58,1,0,2.0
2841,320.0328370000001,100,45,0.0,3.0,58,1,1,3.0
2842,74.26473,45,54,0.0,2.0,58,1,0,2.0
2843,61.36825,81,50,0.0,2.0,58,1,0,2.0
2844,94.49358,97,48,0.0,2.0,58,1,0,2.0
2845,997.11554,0,14,0.0,24.0,58,1,0,24.0
2846,26.2714252,73,52,0.0,2.0,58,1,0,2.0
2847,3090.78027,147,3,2784.21338,30.0,58,1,1,30.0
2848,2222.57886,0,31,0.0,18.0,58,1,0,18.0
2850,133.592361,0,53,0.0,2.0,58,1,0,2.0
2851,2575.25879,24,15,1240.236,23.0,58,1,0,23.0
2852,268.877563,47,36,104.5135,7.0,58,1,0,7.0
2853,2911.211,300,19,404.188934,21.0,58,1,3,21.0
2854,1200.19971,125,10,6579.76758,28.0,58,1,1,28.0
2855,618.6391,0,37,0.0,7.0,58,1,0,7.0
2857,2014.18958,176,7,3816.953,29.0,58,1,1,29.0
2858,1220.937,200,33,767.9494,9.0,58,1,2,9.0
2859,796.657837,265,39,0.0,6.0,58,1,2,6.0
2860,1411.44189,189,16,1776.95386,23.0,58,1,2,23.0
2861,483.42868,71,44,0.0,4.0,58,1,0,4.0
2863,3555.85962,164,17,1299.31812,22.0,58,1,1,22.0
2864,99.88976,65,55,0.0,2.0,58,1,0,2.0
2865,1757.7476800000004,0,13,980.028259,25.0,58,1,0,25.0
2866,4479.5864299999985,239,11,0.0,27.0,58,1,2,27.0
2867,2290.56714,85,9,2600.55347,28.0,58,1,0,28.0
2868,4047.357,180,4,0.0,30.0,58,1,2,30.0
2869,2236.15381,119,20,0.0,21.0,58,1,1,21.0
2870,3408.91553,425,12,0.0,27.0,58,1,3,27.0
2871,1764.2526899999998,0,24,0.0,18.0,58,1,0,18.0
2872,658.1626,200,41,0.0,5.0,58,1,2,5.0
2873,2365.1710000000007,43,27,0.0,15.0,58,1,0,15.0
2874,2968.061,174,26,0.0,17.0,58,1,2,17.0
2875,4699.60449,833,1,2446.82666,32.0,58,1,8,32.0
2876,6359.804,0,5,0.0,30.0,58,1,0,30.0
2879,2011.143,357,8,548.711,29.0,58,1,3,29.0
2880,205.325317,100,47,0.0,3.0,58,1,1,3.0
2881,3397.849370000001,181,22,0.0,20.0,58,1,1,20.0
3076,2018.86328,128,21,3873.384,20.0,96,1,1,20.0
3077,1271.50146,119,47,0.0,10.0,96,1,1,10.0
3078,236.595032,0,68,0.0,4.0,96,1,0,4.0
3079,170.790085,0,55,3563.538,8.0,96,1,0,8.0
3080,1252.72437,0,58,0.0,7.0,96,1,0,7.0
3081,23.650713,43,82,0.0,2.0,96,1,0,2.0
3082,2827.86743,149,6,7808.84131,28.0,96,1,1,28.0
3083,783.4369,68,53,1790.83875,9.0,96,1,0,9.0
3084,17.131671899999994,0,90,0.0,1.0,96,1,0,1.0
3085,1322.21143,0,38,0.0,14.0,96,1,0,14.0
3086,2171.82227,290,23,904.682,20.0,96,1,2,20.0
3087,1848.915,393,3,4738.17,29.0,96,1,2,29.0
3088,87.47874,100,76,0.0,3.0,96,1,1,3.0
3089,195.496567,124,75,0.0,3.0,96,1,1,3.0
3090,109.958565,24,73,0.0,3.0,96,1,0,3.0
3091,1651.91138,272,31,3677.29321,16.0,96,1,2,16.0
3092,40.5759468,0,96,0.0,1.0,96,1,0,1.0
3093,1216.04822,159,4,8155.151999999999,28.0,96,1,1,28.0
3094,306.067627,170,63,1490.60229,5.0,96,1,1,5.0
3095,556.0586549999998,26,60,0.0,6.0,96,1,0,6.0
3096,3193.11,107,19,133.318069,22.0,96,1,1,22.0
3097,49.0614738,48,81,0.0,2.0,96,1,0,2.0
3098,2005.94092,102,34,996.739868,15.0,96,1,0,15.0
3099,763.0354,396,28,1580.5875199999996,18.0,96,1,4,18.0
3100,1164.42529,271,48,0.0,10.0,96,1,2,10.0
3101,1111.05908,1,13,4956.9917,22.0,96,1,0,22.0
3102,433.074463,0,52,0.0,9.0,96,1,0,9.0
3103,2186.00537,24,46,0.0,10.0,96,1,0,10.0
3104,535.03,194,62,0.0,6.0,96,1,2,6.0
3105,13.8511305,0,91,0.0,1.0,96,1,0,1.0
3106,1593.26611,124,42,0.0,11.0,96,1,1,11.0
3107,1564.02356,0,44,0.0,11.0,96,1,0,11.0
3108,1524.10693,0,36,1649.60657,14.0,96,1,0,14.0
3109,1737.5875199999996,100,40,2180.1272,13.0,96,1,1,13.0
3110,10.9178419,0,95,0.0,1.0,96,1,0,1.0
3111,760.0084,0,45,2217.35547,10.0,96,1,0,10.0
3112,3607.03247,825,1,2091.1403800000007,29.0,96,1,8,29.0
3113,79.12044,0,78,0.0,2.0,96,1,0,2.0
3114,495.1632,0,65,0.0,5.0,96,1,0,5.0
3115,218.596939,100,48,0.0,19.0,96,1,1,19.0
3116,82.8771057,0,77,0.0,2.0,96,1,0,2.0
3117,1968.13708,513,22,2837.243,20.0,96,1,4,20.0
3118,180.161758,61,72,0.0,3.0,96,1,0,3.0
3119,536.71,102,50,1985.89636,9.0,96,1,1,9.0
3120,801.0223,0,56,0.0,7.0,96,1,0,7.0
3121,1986.67126,176,32,508.6687,16.0,96,1,1,16.0
3122,1014.48096,0,25,6141.552,19.0,96,1,0,19.0
3123,3156.33838,224,29,0.0,16.0,96,1,2,16.0
3124,2911.72217,79,18,4076.094,22.0,96,1,1,22.0
3125,5356.5214799999985,268,2,0.0,29.0,96,1,3,29.0
3126,21.521431,0,87,0.0,2.0,96,1,0,2.0
3127,1154.55054,19,41,0.0,12.0,96,1,0,12.0
3128,221.8081,0,66,0.0,4.0,96,1,0,4.0
3129,16.4031048,140,86,0.0,2.0,96,1,1,2.0
3130,1827.87219,109,20,7482.28369,21.0,96,1,1,21.0
3131,582.9701,114,64,0.0,5.0,96,1,1,5.0
3132,1196.68311,163,27,4882.963,18.0,96,1,1,18.0
3133,731.039,0,43,0.0,14.0,96,1,0,14.0
3134,65.2731552,0,83,0.0,2.0,96,1,0,2.0
3135,386.669556,42,54,1628.9620000000002,9.0,96,1,0,9.0
3136,25.8795319,72,93,0.0,1.0,96,1,0,1.0
3137,1908.26965,147,16,5340.95557,22.0,96,1,1,22.0
3138,3411.87,307,8,1649.029,25.0,96,1,3,25.0
3139,863.5635380000001,91,51,0.0,9.0,96,1,1,9.0
3140,2282.68481,740,14,3251.06128,22.0,96,1,8,22.0
3141,70.10259,50,71,2263.32056,3.0,96,1,0,3.0
3142,17.1812859,0,88,0.0,2.0,96,1,0,2.0
3144,97.2138,100,79,0.0,2.0,96,1,1,2.0
3145,22.3554935,0,94,0.0,1.0,96,1,0,1.0
3146,4440.3535200000015,100,5,0.0,28.0,96,1,1,28.0
3147,1193.96924,0,43,104.708694,11.0,96,1,0,11.0
3148,4197.94629,179,12,0.0,23.0,96,1,2,23.0
3149,3776.71216,1161,9,1556.43591,24.0,96,1,11,24.0
3150,311.427246,0,67,241.788712,4.0,96,1,0,4.0
3151,1931.893,157,33,0.0,15.0,96,1,2,15.0
3152,2120.793,138,26,0.0,19.0,96,1,1,19.0
3153,3301.559,0,10,334.3184,24.0,96,1,0,24.0
3154,311.572723,0,74,0.0,3.0,96,1,0,3.0
3155,696.5485,2,49,1587.7279999999996,10.0,96,1,0,10.0
3156,4263.663,265,7,258.739716,26.0,96,1,2,26.0
3157,121.878571,21,84,0.0,2.0,96,1,0,2.0
3158,415.815521,100,61,0.0,6.0,96,1,1,6.0
3159,67.51085,129,70,0.0,4.0,96,1,1,4.0
3160,12.6052341,0,89,0.0,2.0,96,1,0,2.0
3161,608.4187,0,54,0.0,13.0,96,1,0,13.0
3162,2365.419,93,35,0.0,15.0,96,1,1,15.0
3163,637.475,171,59,0.0,7.0,96,1,1,7.0
3164,1807.05042,166,17,4814.26025,22.0,96,1,1,22.0
3165,3178.74683,19,15,109.662949,22.0,96,1,0,22.0
3166,2341.95239,0,11,2482.47119,24.0,96,1,0,24.0
3167,279.5916,100,69,0.0,4.0,96,1,1,4.0
3169,1620.58936,40,30,2389.92261,16.0,96,1,0,16.0
3170,58.53945,0,80,0.0,2.0,96,1,0,2.0
3171,624.1891,71,57,992.837,7.0,96,1,0,7.0
3455,2093.249,110,5,0.0,29.0,85,1,0,29.0
3456,166.6245,0,68,0.0,2.0,85,1,0,2.0
3457,2472.6687,100,22,513.7829,19.0,85,1,1,19.0
3458,50.22462,22,76,0.0,1.0,85,1,0,1.0
3459,87.91814000000002,61,63,0.0,3.0,85,1,1,3.0
3460,61.68385309999999,0,78,0.0,1.0,85,1,0,1.0
3461,478.5559,70,53,0.0,5.0,85,1,1,5.0
3462,139.347916,169,70,0.0,2.0,85,1,1,2.0
3463,14.2439966,0,82,0.0,1.0,85,1,0,1.0
3464,3495.78027,180,13,0.0,24.0,85,1,2,24.0
3465,1132.65027,315,40,0.0,12.0,85,1,2,12.0
3466,236.595581,65,55,0.0,5.0,85,1,0,5.0
3467,9.182678,0,85,0.0,1.0,85,1,0,1.0
3468,230.572525,19,60,0.0,4.0,85,1,0,4.0
3469,2333.844,142,4,0.0,29.0,85,1,1,29.0
3470,1298.43384,0,24,2211.8938,18.0,85,1,0,18.0
3471,822.947,6,47,5.657768,6.0,85,1,0,6.0
3472,2109.1084,484,12,3455.28247,26.0,85,1,3,26.0
3473,840.5429,45,35,2073.6377,13.0,85,1,0,13.0
3474,2719.29785,253,8,1382.12061,27.0,85,1,2,27.0
3475,661.7683,100,45,0.0,8.0,85,1,1,8.0
3476,30.7522812,190,74,0.0,1.0,85,1,1,1.0
3477,17.8535824,0,83,0.0,1.0,85,1,0,1.0
3478,287.302826,0,59,0.0,4.0,85,1,0,4.0
3479,236.790375,0,57,0.0,4.0,85,1,0,4.0
3480,239.304825,71,67,0.0,2.0,85,1,0,2.0
3481,720.6089,220,32,0.0,14.0,85,1,1,14.0
3482,3669.5127,0,16,1891.40417,23.0,85,1,0,23.0
3483,890.21405,0,34,0.0,13.0,85,1,0,13.0
3484,51.4945564,0,84,0.0,1.0,85,1,0,1.0
3485,2896.78613,0,11,0.0,26.0,85,1,0,26.0
3486,395.861572,100,45,0.0,13.0,85,1,1,13.0
3487,43.8925667,139,72,0.0,2.0,85,1,2,2.0
3488,1430.61438,100,38,930.754944,12.0,85,1,0,12.0
3489,2882.239,1461,1,3347.65039,31.0,85,1,12,31.0
3490,503.791016,6,58,0.0,4.0,85,1,0,4.0
3491,497.079254,0,56,0.0,5.0,85,1,0,5.0
3492,47.14054,75,65,0.0,3.0,85,1,0,3.0
3493,157.203445,84,66,0.0,3.0,85,1,0,3.0
3494,2969.23364,199,31,1528.13733,15.0,85,1,1,15.0
3495,641.8839,21,39,2237.78931,12.0,85,1,0,12.0
3496,134.6948,200,62,0.0,3.0,85,1,2,3.0
3497,5.0416584,0,79,0.0,1.0,85,1,0,1.0
3498,939.0584,193,19,3530.3637700000004,22.0,85,1,1,22.0
3499,177.11222800000004,8,50,0.0,5.0,85,1,0,5.0
3500,2630.394,133,14,2026.17932,24.0,85,1,1,24.0
3501,97.75345,94,64,0.0,3.0,85,1,0,3.0
3503,488.005035,106,44,0.0,9.0,85,1,0,9.0
3504,292.662476,115,51,0.0,5.0,85,1,1,5.0
3505,806.11615,0,52,0.0,5.0,85,1,0,5.0
3506,2704.10376,62,9,3931.04883,27.0,85,1,1,27.0
3507,718.3247,0,46,0.0,6.0,85,1,0,6.0
3508,32.2983665,0,81,0.0,1.0,85,1,0,1.0
3509,3490.3781700000004,0,20,0.0,20.0,85,1,0,20.0
3510,1386.10815,314,23,0.0,18.0,85,1,3,18.0
3511,4405.637,151,2,7272.446290000001,31.0,85,1,1,31.0
3512,1555.83533,129,26,1716.35547,17.0,85,1,1,17.0
3513,292.605377,99,54,0.0,5.0,85,1,1,5.0
3514,2431.70923,261,3,3671.72974,29.0,85,1,2,29.0
3515,708.7879,444,43,0.0,9.0,85,1,5,9.0
3516,2042.08276,337,15,2047.24121,23.0,85,1,3,23.0
3517,4277.10742,296,7,0.884117067,27.0,85,1,2,27.0
3518,360.4167,0,61,0.0,3.0,85,1,0,3.0
3519,3840.92114,175,6,168.51713600000005,28.0,85,1,1,28.0
3520,186.719025,146,69,0.0,2.0,85,1,0,2.0
3521,2399.083,298,17,0.0,23.0,85,1,3,23.0
3522,3550.86743,107,29,362.703857,16.0,85,1,0,16.0
3523,2998.057,227,10,887.2168,26.0,85,1,2,26.0
3524,42.1554871,55,77,0.0,1.0,85,1,0,1.0
3525,1093.361,271,45,0.0,11.0,85,1,3,11.0
3526,38.017868,100,75,0.0,1.0,85,1,1,1.0
3527,168.94096399999995,0,71,0.0,2.0,85,1,0,2.0
3529,35.7805748,100,80,0.0,1.0,85,1,1,1.0
3530,3919.68286,240,27,1092.62927,16.0,85,1,2,16.0
3531,528.8024,0,37,0.0,12.0,85,1,0,12.0
3532,798.4934,77,46,0.0,17.0,85,1,1,17.0
3533,469.0823,60,48,0.0,6.0,85,1,0,6.0
3534,1865.72266,160,33,0.0,14.0,85,1,1,14.0
3535,1593.44568,0,21,1328.98438,20.0,85,1,0,20.0
3536,1132.6041300000004,0,42,0.0,11.0,85,1,0,11.0
3537,3149.00659,91,18,0.0,22.0,85,1,0,22.0
3538,39.30857,106,73,0.0,1.0,85,1,1,1.0
3539,1165.51941,9,30,4101.64941,15.0,85,1,0,15.0
4102,3550.003,1785,1,3158.239,31.0,83,1,15,31.0
4103,11.4016161,0,83,0.0,1.0,83,1,0,1.0
4104,1268.037,0,46,0.0,8.0,83,1,0,8.0
4105,547.172058,0,50,0.0,6.0,83,1,0,6.0
4106,4644.56836,121,12,0.0,24.0,83,1,2,24.0
4107,356.332764,0,64,0.0,4.0,83,1,0,4.0
4108,2139.63037,117,17,0.0,23.0,83,1,0,23.0
4110,995.9011,0,44,1540.14246,9.0,83,1,0,9.0
4111,283.3453,0,62,0.0,4.0,83,1,0,4.0
4112,691.242432,298,22,235.353638,19.0,83,1,3,19.0
4113,63.7295074,24,79,0.0,2.0,83,1,0,2.0
4114,2608.08887,75,24,0.0,18.0,83,1,1,18.0
4115,94.29865,91,71,0.0,3.0,83,1,0,3.0
4116,162.398209,0,69,2491.31055,3.0,83,1,0,3.0
4117,82.66436999999998,0,78,0.0,2.0,83,1,0,2.0
4118,611.8309,91,34,0.0,14.0,83,1,0,14.0
4119,534.436,109,51,0.0,6.0,83,1,0,6.0
4120,83.49567409999999,0,73,0.0,3.0,83,1,0,3.0
4121,827.0397,178,41,730.800964,12.0,83,1,1,12.0
4122,173.035233,0,76,0.0,2.0,83,1,0,2.0
4123,150.844681,123,59,0.0,4.0,83,1,1,4.0
4124,2996.93628,99,6,0.0,29.0,83,1,1,29.0
4125,173.2126,149,57,0.0,5.0,83,1,0,5.0
4126,39.26735,100,58,0.0,13.0,83,1,1,13.0
4127,2796.40527,442,5,2451.33569,29.0,83,1,4,29.0
4128,172.631775,69,66,0.0,4.0,83,1,0,4.0
4129,2730.74585,0,32,0.0,15.0,83,1,0,15.0
4130,1261.00427,102,10,5290.179,25.0,83,1,1,25.0
4131,1006.35376,16,27,3032.88135,17.0,83,1,0,17.0
4132,278.36868300000003,0,53,0.0,6.0,83,1,0,6.0
4133,1903.03369,85,11,2922.547,24.0,83,1,0,24.0
4134,244.3235,0,58,0.0,5.0,83,1,0,5.0
4135,1709.9587399999998,0,26,0.0,17.0,83,1,0,17.0
4136,538.1672,52,45,0.0,9.0,83,1,0,9.0
4137,2041.2301,640,13,0.0,24.0,83,1,5,24.0
4138,835.595337,0,52,0.0,6.0,83,1,0,6.0
4139,776.619446,0,30,1980.33923,15.0,83,1,0,15.0
4140,49.06128,36,82,0.0,1.0,83,1,0,1.0
4141,418.4842220000001,49,70,0.0,3.0,83,1,0,3.0
4143,2621.06519,170,3,5064.811,31.0,83,1,1,31.0
4144,451.76632699999993,84,54,565.3605349999998,6.0,83,1,0,6.0
4145,745.9590450000002,103,49,0.0,18.0,83,1,1,18.0
4146,1342.5592,300,45,0.0,18.0,83,1,3,18.0
4147,832.910767,165,31,0.0,15.0,83,1,1,15.0
4148,49.2387733,198,80,0.0,1.0,83,1,1,1.0
4149,1358.23254,200,35,0.0,13.0,83,1,2,13.0
4150,1857.106,0,20,0.0,21.0,83,1,0,21.0
4151,56.1552544,0,77,0.0,2.0,83,1,0,2.0
4152,1487.93921,321,33,247.200241,14.0,83,1,4,14.0
4153,3129.31323,208,28,0.0,16.0,83,1,1,16.0
4154,820.4224,52,43,0.0,10.0,83,1,0,10.0
4155,3539.97632,161,2,3217.59277,31.0,83,1,1,31.0
4156,1903.59937,52,29,0.0,16.0,83,1,1,16.0
4157,289.5003660000001,200,55,0.0,5.0,83,1,2,5.0
4158,721.1754,200,39,0.0,13.0,83,1,2,13.0
4159,4454.821,218,14,2952.30347,24.0,83,1,2,24.0
4160,17.8178215,0,81,0.0,1.0,83,1,0,1.0
4161,94.5834656,20,74,0.0,2.0,83,1,0,2.0
4162,5098.553,303,4,2590.026,31.0,83,1,3,31.0
4163,270.524719,0,56,0.0,5.0,83,1,0,5.0
4164,2189.44775,200,7,0.0,26.0,83,1,2,26.0
4165,143.080582,132,65,0.0,4.0,83,1,2,4.0
4166,171.857117,0,75,0.0,2.0,83,1,0,2.0
4167,3958.07324,116,18,0.0,22.0,83,1,1,22.0
4168,2366.62817,413,8,1081.86279,26.0,83,1,3,26.0
4169,1070.09692,0,42,0.0,12.0,83,1,0,12.0
4170,25.0536251,0,78,0.0,7.0,83,1,0,7.0
4171,2047.85938,99,40,0.0,12.0,83,1,1,12.0
4172,132.018265,23,60,0.0,4.0,83,1,1,4.0
4174,169.82261699999995,137,72,0.0,3.0,83,1,1,3.0
4175,2778.40479,233,9,0.0,26.0,83,1,2,26.0
4176,1642.76941,0,16,0.0,23.0,83,1,0,23.0
4177,2516.18115,0,49,1807.14807,7.0,83,1,0,7.0
4178,137.178131,0,68,0.0,4.0,83,1,0,4.0
4179,595.4169999999998,47,47,0.0,8.0,83,1,0,8.0
4180,3311.29541,100,15,335.8285,23.0,83,1,1,23.0
4181,138.45311,0,68,0.0,22.0,83,1,0,22.0
4182,336.710938,0,63,269.58783,4.0,83,1,0,4.0
4183,268.10116600000003,98,67,0.0,4.0,83,1,0,4.0
4184,1420.72046,9,21,8024.80127,21.0,83,1,0,21.0
4370,59.2276649,0,83,0.0,1.0,91,1,0,1.0
4371,867.1315,141,47,0.0,8.0,91,1,1,8.0
4372,286.522247,87,55,0.0,17.0,91,1,1,17.0
4373,19.9075642,80,87,0.0,1.0,91,1,0,1.0
4374,354.2270200000001,49,69,0.0,2.0,91,1,0,2.0
4375,1511.97449,415,10,3490.4126,24.0,91,1,4,24.0
4376,38.2097473,0,90,0.0,1.0,91,1,0,1.0
4377,3246.1884800000007,201,5,3873.5034200000014,29.0,91,1,2,29.0
4379,2438.165,614,6,1920.88635,27.0,91,1,6,27.0
4380,39.843605,47,82,0.0,1.0,91,1,0,1.0
4381,3121.482,19,28,610.040039,17.0,91,1,0,17.0
4382,2968.953,2,29,120.710693,15.0,91,1,0,15.0
4383,1019.74414,342,45,329.1168,14.0,91,1,3,14.0
4384,986.9691,168,42,0.0,10.0,91,1,1,10.0
4385,14.9402065,0,88,0.0,1.0,91,1,0,1.0
4386,4286.224,294,24,0.890625358,18.0,91,1,2,18.0
4387,79.99502,0,79,0.0,2.0,91,1,0,2.0
4388,96.0321655,0,73,0.0,2.0,91,1,0,2.0
4389,760.4803,31,46,370.8173,9.0,91,1,1,9.0
4390,1994.90247,0,33,2170.932860000001,14.0,91,1,0,14.0
4391,1778.64612,55,44,0.0,10.0,91,1,0,10.0
4392,2071.419,123,13,2336.78345,23.0,91,1,2,23.0
4393,786.944,0,51,0.0,6.0,91,1,0,6.0
4394,3938.25244,144,17,3346.953,21.0,91,1,1,21.0
4395,569.396057,76,50,0.0,6.0,91,1,0,6.0
4396,3871.17847,91,9,2986.1572300000007,25.0,91,1,1,25.0
4397,3336.46021,0,14,0.0,23.0,91,1,0,23.0
4398,669.289246,36,41,1920.31787,10.0,91,1,0,10.0
4399,1980.40588,157,16,4376.698,21.0,91,1,2,21.0
4400,139.518051,100,68,0.0,2.0,91,1,1,2.0
4401,1358.8076199999996,100,30,3150.4978,14.0,91,1,1,14.0
4403,307.307281,216,58,0.0,4.0,91,1,2,4.0
4405,54.53666,19,77,0.0,2.0,91,1,0,2.0
4406,1869.5116,0,39,0.0,12.0,91,1,0,12.0
4407,1155.35583,0,35,184.146271,13.0,91,1,0,13.0
4408,360.615051,27,53,0.0,5.0,91,1,0,5.0
4409,85.74086,192,67,0.0,3.0,91,1,1,3.0
4410,2169.76953,95,26,3872.06738,18.0,91,1,1,18.0
4411,144.00384499999996,0,53,0.0,13.0,91,1,0,13.0
4412,289.6729430000001,0,59,0.0,4.0,91,1,0,4.0
4413,44.35916,119,81,0.0,1.0,91,1,1,1.0
4414,452.995148,0,64,0.0,3.0,91,1,0,3.0
4415,63.219375600000006,62,86,0.0,1.0,91,1,0,1.0
4416,5008.38525,384,22,8.937598,19.0,91,1,4,19.0
4417,35.09625,0,65,0.0,3.0,91,1,0,3.0
4418,2703.71558,100,20,2172.05127,20.0,91,1,1,20.0
4419,63.46083,0,72,0.0,2.0,91,1,0,2.0
4420,423.291748,78,45,0.0,10.0,91,1,0,10.0
4421,2895.93115,758,1,3102.22021,29.0,91,1,8,29.0
4422,948.7152,138,36,3101.34351,13.0,91,1,0,13.0
4423,464.006317,0,49,0.0,6.0,91,1,0,6.0
4424,59.90546,51,78,0.0,2.0,91,1,1,2.0
4425,1290.50269,0,21,267.96911600000004,20.0,91,1,0,20.0
4426,887.551,98,43,714.167053,10.0,91,1,0,10.0
4427,1033.9541,33,48,947.161255,8.0,91,1,0,8.0
4428,219.558853,416,57,0.0,4.0,91,1,5,4.0
4429,112.1393,47,71,0.0,2.0,91,1,0,2.0
4430,10.9827213,0,91,0.0,1.0,91,1,0,1.0
4431,283.419861,0,60,0.0,13.0,91,1,0,13.0
4432,1575.26318,253,18,3230.691,20.0,91,1,1,20.0
4433,78.14628,82,75,0.0,2.0,91,1,0,2.0
4434,1487.11047,165,15,3754.91187,23.0,91,1,1,23.0
4435,3223.51587,85,2,6537.267,29.0,91,1,1,29.0
4436,587.237061,100,60,0.0,3.0,91,1,1,3.0
4437,219.137848,200,55,0.0,4.0,91,1,2,4.0
4438,3692.02783,0,11,0.0,24.0,91,1,0,24.0
4439,2835.807,0,8,0.0,25.0,91,1,0,25.0
4440,161.588165,43,63,0.0,3.0,91,1,0,3.0
4441,104.311005,62,70,0.0,2.0,91,1,0,2.0
4442,39.655098,100,84,0.0,1.0,91,1,1,1.0
4443,436.8965,99,52,0.0,5.0,91,1,1,5.0
4444,97.71497,0,74,0.0,2.0,91,1,0,2.0
4445,2334.704,295,23,5651.44,19.0,91,1,3,19.0
4446,1376.49854,441,25,1341.45691,18.0,91,1,2,18.0
4447,1735.845,0,40,0.0,12.0,91,1,0,12.0
4448,150.12278700000005,141,56,0.0,4.0,91,1,1,4.0
4449,280.926239,93,54,0.0,5.0,91,1,1,5.0
4450,3007.40527,0,19,0.0,20.0,91,1,0,20.0
4451,120.350739,0,80,0.0,2.0,91,1,0,2.0
4452,14.422576,0,85,0.0,1.0,91,1,0,1.0
4453,3386.20874,134,12,5814.035,24.0,91,1,1,24.0
4454,3484.956,215,7,2040.50146,26.0,91,1,1,26.0
4455,124.493439,0,76,0.0,2.0,91,1,0,2.0
4456,147.013031,164,66,0.0,3.0,91,1,1,3.0
4457,149.373581,0,61,0.0,3.0,91,1,0,3.0
4458,154.795578,99,62,0.0,3.0,91,1,1,3.0
4459,2920.751,30,4,1978.94739,29.0,91,1,0,29.0
4460,4808.267,476,3,0.0,29.0,91,1,3,29.0
4461,2332.71167,68,35,0.0,12.0,92,1,0,12.0
